{
 "model1": {
  "coef_coffee_distance": -0.011616893632527039,
  "se_coffee_distance": 0.000944131767581386,
  "coef_focus": 0.8656902004408678,
  "n": 240,
  "r2": 0.6220811718749263
 }
}